SALE TYPE,SOLD DATE,PROPERTY TYPE,ADDRESS,CITY,STATE OR PROVINCE,ZIP OR POSTAL CODE,PRICE,BEDS,BATHS,LOCATION,SQUARE FEET,LOT SIZE,YEAR BUILT,DAYS ON MARKET,$/SQUARE FEET,HOA/MONTH,STATUS,NEXT OPEN HOUSE START TIME,NEXT OPEN HOUSE END TIME,URL (SEE https://www.redfin.com/buy-a-home/comparative-market-analysis FOR INFO ON PRICING),SOURCE,MLS#,FAVORITE,INTERESTED,LATITUDE,LONGITUDE
"In accordance with local MLS rules, some MLS listings are not included in the download"
MLS Listing,,Single Family Residential,219 Kensington Way,Los Gatos,CA,95032,2098880,3,2.5,LOS GATOS,1378,6039,1965,21,1523,,Active,August-2-2025 01:00 PM,August-2-2025 04:00 PM,https://www.redfin.com/CA/Los-Gatos/219-Kensington-Way-95032/home/1131627,MLSListings,ML82014159,N,Y,37.2407372,-121.9278785
MLS Listing,,Single Family Residential,13770 Madrone Pl,Los Gatos,CA,95033,999000,3,2.0,LOS GATOS,1344,274907,1978,1,743,,Active,,,https://www.redfin.com/CA/Los-Gatos/13770-Madrone-Pl-95033/home/2394729,MLSListings,ML82016592,N,Y,37.2468202,-122.1262038
MLS Listing,,Single Family Residential,230 Burrell Ct,Los Gatos,CA,95033,1499000,3,2.5,LOS GATOS,2283,60766,1978,1,657,,Active,August-3-2025 02:00 PM,August-3-2025 04:00 PM,https://www.redfin.com/CA/Los-Gatos/230-Burrell-Ct-95033/home/2406653,MLSListings,ML82016563,N,Y,37.111838,-121.918701
MLS Listing,,Single Family Residential,16251 Lilac Ln,Los Gatos,CA,95032,3199000,5,3.0,LOS GATOS,2371,8160,1957,1,1349,,Active,August-1-2025 04:30 PM,August-1-2025 07:00 PM,https://www.redfin.com/CA/Los-Gatos/16251-Lilac-Ln-95032/home/976016,MLSListings,ML82016153,N,Y,37.2367876,-121.9538752
MLS Listing,,Single Family Residential,17666 Navajo Trl,Los Gatos,CA,95033,1175000,3,2.0,LOS GATOS,1448,7500,1980,1,811,,Active,August-2-2025 10:00 AM,August-2-2025 12:00 PM,https://www.redfin.com/CA/Los-Gatos/17666-Navajo-Trl-95033/home/638001,MLSListings,ML82016523,N,Y,37.1601169,-121.979417
MLS Listing,,Single Family Residential,141 Cambrian View Way,Los Gatos,CA,95032,2895000,5,3.0,Los Gatos,2073,8200,1964,1,1397,33,Active,August-2-2025 01:00 PM,August-2-2025 04:00 PM,https://www.redfin.com/CA/Los-Gatos/141-Cambrian-View-Way-95032/home/912413,MLSListings,ML82016486,N,Y,37.237447,-121.9282619
MLS Listing,,Vacant Land,17212 Fawndale Rd,Los Gatos,CA,95032,975000,,,Los Gatos/Monte Sereno,,148095,,1,,,Active,,,https://www.redfin.com/CA/Los-Gatos/17212-Fawndale-Rd-95032/home/182279542,BAREIS,325067658,N,Y,37.2204734,-121.9302103
MLS Listing,,Single Family Residential,19233 Mountain Way,Los Gatos,CA,95030,2999000,4,2.5,Los Gatos,2899,20473,1975,2,1034,,Active,July-31-2025 05:00 PM,July-31-2025 07:00 PM,https://www.redfin.com/CA/Los-Gatos/19233-Mountain-Way-95030/home/907996,MLSListings,ML82015655,N,Y,37.2348339,-122.0094201
MLS Listing,,Single Family Residential,256 Marchmont Ct,Los Gatos,CA,95032,3898000,5,3.5,LOS GATOS,2599,10710,1964,3,1500,,Active,August-2-2025 02:00 PM,August-2-2025 04:00 PM,https://www.redfin.com/CA/Los-Gatos/256-Marchmont-Ct-95032/home/555553,MLSListings,ML82015897,N,Y,37.2272403,-121.9562645
MLS Listing,,Single Family Residential,19375 Montevina Rd,Los Gatos,CA,95033,2590000,2,1.0,LOS GATOS,1409,653400,1964,3,1838,,Active,,,https://www.redfin.com/CA/Los-Gatos/19375-Montevina-Rd-95033/home/915752,MLSListings,ML82002146,N,Y,37.203371,-122.0090425
MLS Listing,,Single Family Residential,255 University Ave,Los Gatos,CA,95030,2750000,3,2.0,LOS GATOS,1819,5217,1946,6,1512,,Active,August-2-2025 02:00 PM,August-2-2025 04:00 PM,https://www.redfin.com/CA/Los-Gatos/255-University-Ave-95030/home/1419250,MLSListings,ML82015912,N,Y,37.2263823,-121.9807023
MLS Listing,,Single Family Residential,17820 Daves Ave,Monte Sereno,CA,95030,4468000,4,3.5,MONTE SERENO,2901,10500,2008,6,1540,,Active,August-2-2025 01:00 PM,August-2-2025 04:00 PM,https://www.redfin.com/CA/Monte-Sereno/17820-Daves-Ave-95030/home/824014,MLSListings,ML82015983,N,Y,37.2407235,-121.9821684
MLS Listing,,Single Family Residential,24616 Miller Hill Rd,Los Gatos,CA,95033,2200000,3,2.5,LOS GATOS,2691,113648,1993,6,818,,Active,August-2-2025 02:00 PM,August-2-2025 04:00 PM,https://www.redfin.com/CA/Los-Gatos/24616-Miller-Hill-Rd-95033/home/2404356,MLSListings,ML82015873,N,Y,37.1096351,-121.9408737
MLS Listing,,Townhouse,168 Cuesta De Los Gatos,Los Gatos,CA,95032,1698000,4,2.5,LOS GATOS,1577,1691,1997,7,1077,665,Active,August-2-2025 02:00 PM,August-2-2025 04:00 PM,https://www.redfin.com/CA/Los-Gatos/168-Cuesta-de-los-Gatos-95032/home/914508,MLSListings,ML82014219,N,Y,37.2274458,-121.971091
MLS Listing,,Single Family Residential,108 Vallecitos Way,Los Gatos,CA,95032,3049000,4,2.5,LOS GATOS,2272,11178,1962,7,1342,,Active,,,https://www.redfin.com/CA/Los-Gatos/108-Vallecitos-Way-95032/home/821269,MLSListings,ML82015840,N,Y,37.2515558,-121.992089
MLS Listing,,Single Family Residential,24614 Miller Hill Rd,Los Gatos,CA,95033,2099000,3,3.0,LOS GATOS,2882,106809,1987,7,728,,Active,August-2-2025 02:00 PM,August-2-2025 04:00 PM,https://www.redfin.com/CA/Los-Gatos/24614-Miller-Hill-Rd-95033/home/2404358,MLSListings,ML82015831,N,Y,37.1089099,-121.9404308
MLS Listing,,Single Family Residential,23435 Summit Rd,Los Gatos,CA,95033,2984000,5,3.5,LOS GATOS,4262,107157,1999,7,700,,Active,August-2-2025 02:00 PM,August-2-2025 04:30 PM,https://www.redfin.com/CA/Los-Gatos/23435-Summit-Rd-95033/home/160956378,MLSListings,ML82015755,N,Y,37.1295586,-121.9529986
MLS Listing,,Single Family Residential,14470 Blossom Hill Rd,Los Gatos,CA,95032,2450000,4,2.5,Los Gatos,1830,10012,1971,7,1339,,Active,August-2-2025 12:30 PM,August-2-2025 04:30 PM,https://www.redfin.com/CA/Los-Gatos/14470-Blossom-Hill-Rd-95032/home/1534830,MLSListings,ML82015716,N,Y,37.235946,-121.9207125
MLS Listing,,Single Family Residential,101 Silverline Rd,Los Gatos,CA,95033,350000,1,1.0,LOS GATOS,1209,377230,1988,9,289,,Active,,,https://www.redfin.com/CA/Los-Gatos/101-Silverline-Rd-95033/home/12308717,MLSListings,ML82015542,N,Y,37.084326,-121.821838
MLS Listing,,Vacant Land,no number Wilderfield Rd,Los Gatos,CA,95033,35000,,,LOS GATOS,,202074,,9,,,Active,,,https://www.redfin.com/CA/Unknown/no-number-Wilderfield-Rd-95033/home/196561005,MLSListings,ML82015529,N,Y,37.1518,-121.9812
MLS Listing,,Single Family Residential,18855 Montalvo Oaks Cir,Los Gatos,CA,95030,2995000,3,2.5,Los Gatos,1728,2517,2021,9,1733,295,Active,August-2-2025 02:00 PM,August-2-2025 05:00 PM,https://www.redfin.com/CA/Los-Gatos/18855-Montalvo-Oaks-Cir-95030/home/172955092,MLSListings,ML82015478,N,Y,37.2407021,-122.0013585
MLS Listing,,Single Family Residential,247 Marchmont Dr,Los Gatos,CA,95032,3499000,3,2.5,LOS GATOS,2126,10250,1965,9,1646,,Active,August-2-2025 02:00 PM,August-2-2025 04:00 PM,https://www.redfin.com/CA/Los-Gatos/247-Marchmont-Dr-95032/home/1301874,MLSListings,ML82015465,N,Y,37.2281536,-121.9562456
MLS Listing,,Single Family Residential,20246 Gist Rd,Los Gatos,CA,95033,899000,4,2.0,LOS GATOS,1974,95832,1924,10,455,,Active,,,https://www.redfin.com/CA/Los-Gatos/20246-Gist-Rd-95033/home/601872,MLSListings,ML82015424,N,Y,37.193432,-122.026982
MLS Listing,,Townhouse,105 Strathmore Pl,Los Gatos,CA,95032,1898888,3,3.0,LOS GATOS,2122,2220,1977,10,895,645,Active,,,https://www.redfin.com/CA/Los-Gatos/105-Strathmore-Pl-95032/home/1755729,MLSListings,ML82015344,N,Y,37.2569285,-121.9691642
MLS Listing,,Single Family Residential,136 Teresita Way,Los Gatos,CA,95032,3599000,4,2.5,LOS GATOS,3048,57063,1969,12,1181,,Active,,,https://www.redfin.com/CA/Los-Gatos/136-Teresita-Way-95032/home/915586,MLSListings,ML82012972,N,Y,37.2149105,-121.949766
MLS Listing,,Single Family Residential,17051 Wild Way,Los Gatos,CA,95030,2650000,2,1.0,LOS GATOS,1006,29500,1939,12,2634,,Active,,,https://www.redfin.com/CA/Los-Gatos/17051-Wild-Way-95030/home/1816697,MLSListings,ML82015286,N,Y,37.2483122,-121.9677847
MLS Listing,,Condo/Co-op,14225 Lora Dr #36,Los Gatos,CA,95032,499950,2,1.0,Los Gatos,996,1020,1963,14,502,754,Active,,,https://www.redfin.com/CA/Los-Gatos/14225-Lora-Dr-95032/unit-36/home/1366195,MLSListings,ML82015063,N,Y,37.2621944,-121.978166
MLS Listing,,Single Family Residential,26000 Pierce Rd,Los Gatos,CA,95033,1198000,3,2.0,Los Gatos,1747,179075,1978,14,686,,Active,,,https://www.redfin.com/CA/Los-Gatos/26000-Pierce-Rd-95033/home/2401418,MLSListings,ML82015034,N,Y,37.1244903,-121.9915196
MLS Listing,,Single Family Residential,1802 Lavender Crk,San Jose,CA,95120,2599500,5,4.0,SAN JOSE,2393,4172,2014,14,1086,195,Active,,,https://www.redfin.com/CA/San-Jose/1802-Lavender-Crk-95120/home/95954213,MLSListings,ML82015035,N,Y,37.2205349,-121.9065511
MLS Listing,,Single Family Residential,232 More Ave,Los Gatos,CA,95032,2998000,4,3.0,LOS GATOS,2550,7980,1964,14,1176,,Active,,,https://www.redfin.com/CA/Los-Gatos/232-More-Ave-95032/home/1076472,MLSListings,ML82014793,N,Y,37.2611869,-121.9844998
MLS Listing,,Vacant Land,0 Montevina Rd,Los Gatos,CA,95030,1380000,,,Los Gatos,,871200,,15,,,Active,,,https://www.redfin.com/CA/Los-Gatos/Montevina-Rd-95033/home/160826598,MLSListings,ML82014707,N,Y,37.197439,-121.994544
MLS Listing,,Single Family Residential,24705 Spanish Oaks Rd,Los Gatos,CA,95033,1495000,4,3.5,LOS GATOS,2685,166791,1970,16,557,,Active,August-2-2025 02:00 PM,August-2-2025 04:00 PM,https://www.redfin.com/CA/Unknown/24705-Spanish-Oaks-Rd-95033/home/185213605,MLSListings,ML82014690,N,Y,37.1518,-121.9812
MLS Listing,,Single Family Residential,106 Mill Rd,Los Gatos,CA,95032,1888888,4,2.5,Los Gatos,1994,2359,1999,16,947,289,Active,August-2-2025 01:00 PM,August-2-2025 04:00 PM,https://www.redfin.com/CA/Los-Gatos/106-Mill-Rd-95032/home/1477302,MLSListings,ML82014676,N,Y,37.2518665,-121.9628964
MLS Listing,,Single Family Residential,129 Dover St,Los Gatos,CA,95032,4798000,5,4.0,LOS GATOS,3851,13722,2004,16,1246,,Active,,,https://www.redfin.com/CA/Los-Gatos/129-Dover-St-95032/home/1437898,MLSListings,ML82012344,N,Y,37.2364918,-121.9430008
MLS Listing,,Single Family Residential,102 Hildebrand Dr,Los Gatos,CA,95032,2199000,4,2.5,Los Gatos,1938,3315,2021,16,1135,,Active,,,https://www.redfin.com/CA/Los-Gatos/102-Hildebrand-Dr-95032/home/172955390,MLSListings,ML82014238,N,Y,37.2418983,-121.9309547
MLS Listing,,Single Family Residential,207 Thomas Dr,Los Gatos,CA,95032,2098000,3,2.0,LOS GATOS,1272,6180,1965,17,1649,,Active,,,https://www.redfin.com/CA/Los-Gatos/207-Thomas-Dr-95032/home/1743969,MLSListings,ML82014617,N,Y,37.2400482,-121.9305213
MLS Listing,,Single Family Residential,16897 Mitchell Ave,Los Gatos,CA,95032,3695000,4,4.5,LOS GATOS,3485,3566,2013,17,1060,267,Active,,,https://www.redfin.com/CA/Los-Gatos/16897-Mitchell-Ave-95032/home/45489783,MLSListings,ML82014544,N,Y,37.2328143,-121.9654663
MLS Listing,,Townhouse,120 Carlton Ave #46,Los Gatos,CA,95032,1550000,3,2.5,LOS GATOS,1604,1589,1968,20,966,650,Active,August-3-2025 02:00 PM,August-3-2025 04:00 PM,https://www.redfin.com/CA/Los-Gatos/120-Carlton-Ave-95032/unit-46/home/837993,MLSListings,ML82014309,N,Y,37.2420014,-121.9574298
MLS Listing,,Condo/Co-op,449 Alberto Way Unit C138,Los Gatos,CA,95032,597000,2,1.0,LOS GATOS,768,,1980,20,777,581,Active,,,https://www.redfin.com/CA/Los-Gatos/449-Alberto-Way-95032/unit-C138/home/1598188,MLSListings,ML82014248,N,Y,37.229048,-121.972141
MLS Listing,,Townhouse,766 Pollard Rd,Los Gatos,CA,95032,1498000,3,2.5,Los Gatos,1516,933,1984,20,988,385,Active,August-2-2025 02:00 PM,August-2-2025 04:00 PM,https://www.redfin.com/CA/Los-Gatos/766-Pollard-Rd-95032/home/821366,MLSListings,ML82014298,N,Y,37.260871,-121.9695361
MLS Listing,,Condo/Co-op,16345 Los Gatos Blvd #33,Los Gatos,CA,95032,1599000,3,2.0,LOS GATOS,1312,2385,1973,20,1219,540,Active,August-2-2025 02:00 PM,August-2-2025 04:00 PM,https://www.redfin.com/CA/Los-Gatos/16345-Los-Gatos-Blvd-95032/unit-33/home/833441,MLSListings,ML82014047,N,Y,37.2315233,-121.9662193
MLS Listing,,Single Family Residential,16973 Roberts Rd,Los Gatos,CA,95032,4995000,8,4.5,LOS GATOS,3001,20668,2000,21,1664,,Active,,,https://www.redfin.com/CA/Los-Gatos/16973-Roberts-Rd-95032/home/17293376,MLSListings,ML82014119,N,Y,37.2352043,-121.9665748
MLS Listing,,Single Family Residential,24905 Skyland Rd,Los Gatos,CA,95033,1050000,3,2.0,LOS GATOS,1648,27181,1980,22,637,,Active,August-3-2025 01:00 PM,August-3-2025 04:00 PM,https://www.redfin.com/CA/Los-Gatos/24905-Skyland-Rd-95033/home/2405507,MLSListings,ML82012834,N,Y,37.1104276,-121.9289196
MLS Listing,,Single Family Residential,17520 Comanche Trl,Los Gatos,CA,95033,1180000,4,2.0,LOS GATOS,1623,13520,1935,22,727,210,Active,August-2-2025 01:00 PM,August-2-2025 04:00 PM,https://www.redfin.com/CA/Los-Gatos/17520-Comanche-Trl-95033/home/1340233,MLSListings,ML82011325,N,Y,37.16011,-121.976369
MLS Listing,,Single Family Residential,950 Oak Ridge Rd,Los Gatos,CA,95033,2599000,3,2.5,LOS GATOS,3083,940504,1987,23,843,,Active,August-2-2025 12:30 PM,August-2-2025 04:30 PM,https://www.redfin.com/CA/Los-Gatos/950-Oak-Ridge-Rd-95033/home/2395382,MLSListings,ML82013874,N,Y,37.1939851,-122.0509433
MLS Listing,,Single Family Residential,221 Creekside Village Dr,Los Gatos,CA,95032,2149000,4,2.5,LOS GATOS,1755,2584,2005,23,1225,270,Active,August-2-2025 02:00 PM,August-2-2025 04:00 PM,https://www.redfin.com/CA/Los-Gatos/221-Creekside-Village-Dr-95032/home/12178940,MLSListings,ML82013840,N,Y,37.2289247,-121.9761264
MLS Listing,,Condo/Co-op,600 Pennsylvania #22,Los Gatos,CA,95030,1450000,2,2.5,LOS GATOS,1440,,1962,23,1007,776,Active,,,https://www.redfin.com/CA/Los-Gatos/600-Pennsylvania-Ave-95030/unit-22/home/679787,MLSListings,ML82013841,N,Y,37.2259561,-121.9933675
MLS Listing,,Townhouse,116 Calle Nivel,Los Gatos,CA,95032,1850000,3,2.5,LOS GATOS,1637,3639,1974,23,1130,607,Active,,,https://www.redfin.com/CA/Los-Gatos/116-Calle-Nivel-95032/home/1715518,MLSListings,ML82013836,N,Y,37.263474,-121.9875071
MLS Listing,,Single Family Residential,222 Bella Vista Ave,Los Gatos,CA,95030,4800000,4,4.5,LOS GATOS,3116,10350,2016,24,1540,,Active,,,https://www.redfin.com/CA/Los-Gatos/222-Bella-Vista-Ave-95030/home/143042282,MLSListings,ML82012080,N,Y,37.2245555,-121.9709837
MLS Listing,,Single Family Residential,21683 Summit Rd,Los Gatos,CA,95033,895000,2,1.0,LOS GATOS,1135,5989,1971,25,789,135,Active,,,https://www.redfin.com/CA/Los-Gatos/21683-Summit-Rd-95033/home/680015,MLSListings,ML82013176,N,Y,37.1524789,-121.9975121
MLS Listing,,Townhouse,15560 Camino Del Cerro,Los Gatos,CA,95032,1650000,3,2.0,LOS GATOS,1494,1798,1972,27,1104,398,Active,,,https://www.redfin.com/CA/Los-Gatos/15560-Camino-del-Cerro-95032/home/911369,MLSListings,ML82012524,N,Y,37.2427885,-121.9457119
MLS Listing,,Single Family Residential,19150 Beardsley Rd,Los Gatos,CA,95033,996000,2,2.0,LOS GATOS,1635,3690,1997,30,609,,Active,August-2-2025 02:00 PM,August-2-2025 04:00 PM,https://www.redfin.com/CA/Los-Gatos/19150-Beardsley-Rd-95033/home/1442419,MLSListings,ML82012829,N,Y,37.1957781,-122.0066441
MLS Listing,,Other,0000 Main Blvd,Los Gatos,CA,95033,159000,,,LOS GATOS,,113256,,31,,110,Active,,,https://www.redfin.com/CA/Los-Gatos/Main-Blvd-95033/home/147612647,MLSListings,ML82012930,N,Y,37.1517,-121.9808
MLS Listing,,Single Family Residential,21565 Old Mine Rd,Los Gatos,CA,95033,1298000,4,2.0,LOS GATOS,2195,15488,1928,32,591,,Active,,,https://www.redfin.com/CA/Los-Gatos/21565-Old-Mine-Rd-95033/home/1363278,MLSListings,ML82012792,N,Y,37.15893,-121.9678378
MLS Listing,,Single Family Residential,26025 Highland Way,Los Gatos,CA,95033,1349500,4,2.5,LOS GATOS,3182,86379,1966,34,424,,Active,,,https://www.redfin.com/CA/Los-Gatos/26025-Highland-Way-95033/home/2407269,MLSListings,ML82012686,N,Y,37.0996374,-121.8875972
MLS Listing,,Townhouse,142 Calle Larga,Los Gatos,CA,95032,1900000,3,3.0,Los Gatos,2035,2802,1980,34,934,710,Active,August-2-2025 02:00 PM,August-2-2025 04:00 PM,https://www.redfin.com/CA/Los-Gatos/142-Calle-Larga-95032/home/569882,MLSListings,ML82011626,N,Y,37.2636223,-121.9872145
MLS Listing,,Single Family Residential,23110 Old Santa Cruz Hwy,Los Gatos,CA,95033,2850000,4,3.0,LOS GATOS,3830,108900,1948,34,744,,Active,August-2-2025 12:00 PM,August-2-2025 04:00 PM,https://www.redfin.com/CA/Los-Gatos/23110-Old-Santa-Cruz-Hwy-95033/home/2403887,MLSListings,ML82012109,N,Y,37.1380972,-121.9765475
MLS Listing,,Single Family Residential,2950 Bear Canyon Rd,Los Gatos,CA,95033,770000,3,2.0,Los Gatos,1730,767266,1973,36,445,46,Active,,,https://www.redfin.com/CA/Los-Gatos/2950-Bear-Canyon-Rd-95033/home/2399220,"bridgeMLS, Bay East AOR, or Contra Costa AOR",41102669,N,Y,37.149612,-122.041731
MLS Listing,,Single Family Residential,23583 Summit Rd,Los Gatos,CA,95033,2975000,5,4.0,LOS GATOS,3383,79279,2007,36,879,,Active,August-3-2025 02:00 PM,August-3-2025 04:00 PM,https://www.redfin.com/CA/Los-Gatos/23583-Summit-Rd-95033/home/17293352,MLSListings,ML82004329,N,Y,37.1286378,-121.9471771
MLS Listing,,Single Family Residential,170 Fox Run,Los Gatos,CA,95033,2399998,3,3.0,LOS GATOS,2607,191620,1978,41,921,,Active,,,https://www.redfin.com/CA/Los-Gatos/170-Fox-Run-95033/home/2394375,MLSListings,ML82011917,N,Y,37.2524775,-122.1205342
MLS Listing,,Vacant Land,0 Debbie,Los Gatos,CA,95033,599000,,,LOS GATOS,,126324,,41,,,Active,,,https://www.redfin.com/CA/Unknown/Debbie-Rd-95033/home/21709437,MLSListings,ML82011850,N,Y,37.1518,-121.9812
MLS Listing,,Vacant Land,16070 Matilija Dr,Los Gatos,CA,95030,2500000,,,LOS GATOS,,19848,,41,,,Active,,,https://www.redfin.com/CA/Los-Gatos/16070-Matilija-Dr-95030/home/1841033,MLSListings,ML82011821,N,Y,37.2348113,-122.0033129
MLS Listing,,Single Family Residential,15640 Gardenia Way,Los Gatos,CA,95032,3049000,3,2.0,Los Gatos,1812,9153,1952,41,1683,,Active,,,https://www.redfin.com/CA/Los-Gatos/15640-Gardenia-Way-95032/home/909936,MLSListings,ML82011561,N,Y,37.2412282,-121.9546829
MLS Listing,,Single Family Residential,25054 Highland Way,Los Gatos,CA,95033,495000,2,1.5,LOS GATOS,764,233482,1990,44,648,,Active,,,https://www.redfin.com/CA/Los-Gatos/25054-Highland-Way-95033/home/28927400,MLSListings,ML82011352,N,Y,37.094951,-121.8921587
MLS Listing,,Single Family Residential,16840 Cypress Way,Los Gatos,CA,95030,9950000,5,5.5,LOS GATOS,5844,88426,1992,44,1703,,Active,,,https://www.redfin.com/CA/Los-Gatos/16840-Cypress-Way-95030/home/1479462,MLSListings,ML82010050,N,Y,37.2162591,-121.9645078
MLS Listing,,Single Family Residential,16108 Mays Ave,Monte Sereno,CA,95030,6988000,7,9.0,MONTE SERENO,6186,9996,2025,44,1130,,Active,August-2-2025 02:00 PM,August-2-2025 04:00 PM,https://www.redfin.com/CA/Monte-Sereno/16108-Mays-Ave-95030/home/599112,MLSListings,ML82011283,N,Y,37.2341211,-121.9832495
MLS Listing,,Single Family Residential,19394 Bainter Ave,Los Gatos,CA,95030,2425000,3,2.0,Los Gatos,1478,43200,1957,45,1641,,Active,August-3-2025 01:00 PM,August-3-2025 04:00 PM,https://www.redfin.com/CA/Los-Gatos/19394-Bainter-Ave-95030/home/920798,"bridgeMLS, Bay East AOR, or Contra Costa AOR",41101640,N,Y,37.2401256,-122.0143346
MLS Listing,,Condo/Co-op,14225 Lora #90,Los Gatos,CA,95032,575000,2,1.0,Los Gatos,996,,1963,45,577,754,Active,,,https://www.redfin.com/CA/Los-Gatos/14225-Lora-Dr-95032/unit-90/home/1727447,"bridgeMLS, Bay East AOR, or Contra Costa AOR",41101546,N,Y,37.2621944,-121.978166
MLS Listing,,Single Family Residential,22187 Old Santa Cruz Hwy,Los Gatos,CA,95033,1950000,4,3.0,LOS GATOS,3680,46173,1951,48,530,,Active,August-2-2025 02:00 PM,August-2-2025 04:00 PM,https://www.redfin.com/CA/Los-Gatos/22187-Old-Santa-Cruz-Hwy-95033/home/1047339,MLSListings,ML82010777,N,Y,37.1501412,-121.9743443
MLS Listing,,Single Family Residential,216 San Mateo Ave,Los Gatos,CA,95030,3600000,3,3.0,LOS GATOS,2500,6344,1930,48,1440,,Active,,,https://www.redfin.com/CA/Los-Gatos/216-San-Mateo-Ave-95030/home/1568323,MLSListings,ML82010989,N,Y,37.2351729,-121.9786143
MLS Listing,,Vacant Land,403 Montclair Rd,Los Gatos,CA,95032,1998000,,,LOS GATOS,,15304,,48,,350,Active,,,https://www.redfin.com/CA/Los-Gatos/403-Montclair-Rd-95032/home/45105755,MLSListings,ML82010933,N,Y,37.252194,-121.982697
MLS Listing,,Single Family Residential,100 Wood Rd,Los Gatos,CA,95030,3250000,5,4.0,LOS GATOS,3283,48864,1914,48,990,,Active,,,https://www.redfin.com/CA/Los-Gatos/100-Wood-Rd-95030/home/1434837,MLSListings,ML82010797,N,Y,37.2198781,-121.9868367
MLS Listing,,Single Family Residential,15681 Kennedy Rd,Los Gatos,CA,95032,12888888,8,10.5,LOS GATOS,12405,155944,1991,49,1039,,Active,,,https://www.redfin.com/CA/Los-Gatos/15681-Kennedy-Rd-95032/home/696301,MLSListings,ML82010691,N,Y,37.2175469,-121.9440543
MLS Listing,,Single Family Residential,16157 E Mozart Ave,Los Gatos,CA,95032,2888000,4,3.5,LOS GATOS,2256,2443,2022,50,1280,248,Active,August-3-2025 02:00 PM,August-3-2025 04:00 PM,https://www.redfin.com/CA/Los-Gatos/16157-E-Mozart-Ave-95032/home/181143121,MLSListings,ML82009325,N,Y,37.2563231,-121.9521771
MLS Listing,,Single Family Residential,15570 Loma Vista Ave,Los Gatos,CA,95032,2399950,4,3.0,LOS GATOS,2474,7280,1941,50,970,,Active,August-2-2025 01:00 PM,August-2-2025 04:00 PM,https://www.redfin.com/CA/Los-Gatos/15570-Loma-Vista-Ave-95032/home/909980,MLSListings,ML82010582,N,Y,37.2423226,-121.9505773
MLS Listing,,Single Family Residential,218 Jo Dr,Los Gatos,CA,95032,2388000,3,2.0,Los Gatos,1489,6000,1961,51,1604,,Active,,,https://www.redfin.com/CA/Los-Gatos/218-Jo-Dr-95032/home/836271,MLSListings,ML82010384,N,Y,37.2458763,-121.951184
MLS Listing,,Other,19179 Skyline Blvd,Los Gatos,CA,95033,389000,,,LOS GATOS,,521849,,55,,,Active,,,https://www.redfin.com/CA/Los-Gatos/19679-Skyline-Blvd-95033/home/2428998,MLSListings,ML82009957,N,Y,37.1874334,-122.0348742
MLS Listing,,Mobile/Manufactured Home,14685 Oka Rd #11,Los Gatos,CA,95032,499000,3,2.0,LOS GATOS,1400,,2007,55,356,,Active,,,https://www.redfin.com/CA/Los-Gatos/14685-Oka-Rd-95032/unit-11/home/17495931,MLSListings,ML82008538,N,Y,37.2551018,-121.9592168
MLS Listing,,Condo/Co-op,15117 Shore Dr,Los Gatos,CA,95032,1348000,2,1.5,LOS GATOS,1443,,2021,56,934,443,Active,,,https://www.redfin.com/CA/Los-Gatos/15117-Shore-Dr-95032/home/181208212,MLSListings,ML82009959,N,Y,37.2498372,-121.9572459
MLS Listing,,Single Family Residential,17981 Ogallala Warpath Rd,Los Gatos,CA,95033,895000,2,2.0,LOS GATOS,1191,4136,2008,56,751,,Active,August-1-2025 01:00 PM,August-1-2025 04:00 PM,https://www.redfin.com/CA/Los-Gatos/17981-Ogallala-Warpath-Rd-95033/home/1459543,MLSListings,ML82009871,N,Y,37.163767,-121.985042
MLS Listing,,Other,0 Greenridge Ter,Los Gatos,CA,95032,799000,,,LOS GATOS,,10018,,57,,,Active,,,https://www.redfin.com/CA/Los-Gatos/Greenridge-Ter-95032/home/12553109,MLSListings,ML82009665,N,Y,37.233064,-121.935584
MLS Listing,,Single Family Residential,24541 Miller Hill Rd,Los Gatos,CA,95033,1999000,5,5.5,LOS GATOS,8025,317857,2015,57,249,,Active,August-2-2025 12:00 PM,August-2-2025 03:00 PM,https://www.redfin.com/CA/Los-Gatos/24541-Miller-Hill-Rd-95033/home/17312057,MLSListings,ML82009642,N,Y,37.1116765,-121.9431052
MLS Listing,,Single Family Residential,111 Vista Del Prado,Los Gatos,CA,95030,4249000,5,2.5,LOS GATOS,2842,19133,1971,58,1495,,Active,August-2-2025 01:30 PM,August-2-2025 04:30 PM,https://www.redfin.com/CA/Los-Gatos/111-Vista-del-Prado-95030/home/1639209,MLSListings,ML82009445,N,Y,37.2202493,-121.9663505
MLS Listing,,Vacant Land,7000 Soquel San Jose Rd,Los Gatos,CA,95033,200000,,,LOS GATOS,,110468,,59,,,Active,,,https://www.redfin.com/CA/Los-Gatos/7000-Soquel-San-Jose-Rd-95033/home/195973795,MLSListings,ML82009428,N,Y,37.0744227,-121.9387142
MLS Listing,,Single Family Residential,18460 Circle Dr,Los Gatos,CA,95033,770000,2,2.0,LOS GATOS,837,13896,1952,59,920,,Active,August-2-2025 10:00 AM,August-2-2025 12:00 PM,https://www.redfin.com/CA/Los-Gatos/18460-Circle-Dr-95033/home/23027991,MLSListings,ML82005351,N,Y,37.115637,-121.98242
MLS Listing,,Single Family Residential,16541 Cypress Way,Los Gatos,CA,95030,9998000,5,6.5,LOS GATOS,9532,87120,1988,59,1049,,Active,,,https://www.redfin.com/CA/Los-Gatos/16541-Cypress-Way-95030/home/914826,MLSListings,ML82008476,N,Y,37.2162126,-121.9537428
MLS Listing,,Single Family Residential,230 Westchester Dr,Los Gatos,CA,95032,3288000,4,3.0,LOS GATOS,2134,11310,1968,61,1541,,Active,,,https://www.redfin.com/CA/Los-Gatos/230-Westchester-Dr-95032/home/637755,MLSListings,ML82009051,N,Y,37.2419675,-121.9404893
MLS Listing,,Single Family Residential,24895 Skyland Rd,Los Gatos,CA,95033,1399000,4,2.0,LOS GATOS,2316,37679,1961,62,604,,Active,,,https://www.redfin.com/CA/Los-Gatos/24895-Skyland-Rd-95033/home/2405499,MLSListings,ML82009081,N,Y,37.1111424,-121.9286606
MLS Listing,,Single Family Residential,15997 Comstock Mill Rd,Los Gatos,CA,95033,1850000,3,3.0,LOS GATOS,1854,205952,1933,63,998,,Active,,,https://www.redfin.com/CA/Los-Gatos/15997-Comstock-Mill-Rd-95033/home/2406057,MLSListings,ML82003404,N,Y,37.1020307,-121.9412381
MLS Listing,,Single Family Residential,25400 Radonich Rd,Los Gatos,CA,95033,1825000,3,2.5,LOS GATOS,1991,42123,1990,64,917,,Active,,,https://www.redfin.com/CA/Los-Gatos/25400-Radonich-Rd-95033/home/2407218,MLSListings,ML82008736,N,Y,37.1032197,-121.9035348
MLS Listing,,Single Family Residential,17060 Lon Rd,Los Gatos,CA,95033,1649999,4,2.5,LOS GATOS,2040,85683,1972,64,809,,Active,,,https://www.redfin.com/CA/Los-Gatos/17060-Lon-Rd-95033/home/2401698,MLSListings,ML82006554,N,Y,37.1199864,-122.0031797
MLS Listing,,Single Family Residential,16497 S Kennedy Rd,Los Gatos,CA,95030,2950000,5,5.0,LOS GATOS,4810,111843,2025,64,613,,Active,,,https://www.redfin.com/CA/Los-Gatos/16497-S-Kennedy-Rd-95030/home/195937963,MLSListings,ML82008703,N,Y,37.221979,-121.9577159
MLS Listing,,Single Family Residential,25560 Firhaven Ln,Los Gatos,CA,95033,1898000,5,3.5,LOS GATOS,3036,48090,1967,64,625,,Active,,,https://www.redfin.com/CA/Los-Gatos/25560-Firhaven-Ln-95033/home/2407201,MLSListings,ML82008626,N,Y,37.1006772,-121.9018232
MLS Listing,,Condo/Co-op,14225 Lora Dr #70,Los Gatos,CA,95032,595000,2,1.0,Los Gatos,996,,1963,64,597,755,Active,,,https://www.redfin.com/CA/Los-Gatos/14225-Lora-Dr-95032/unit-70/home/701423,MLSListings,ML82008582,N,Y,37.2621944,-121.978166
MLS Listing,,Single Family Residential,25 Grove St,Los Gatos,CA,95030,3650000,3,3.5,Los Gatos,2200,12480,1966,65,1659,,Active,August-3-2025 02:00 PM,August-3-2025 04:00 PM,https://www.redfin.com/CA/Los-Gatos/25-Grove-St-95030/home/1687468,MLSListings,ML82008492,N,Y,37.2188261,-121.9750742
MLS Listing,,Mobile/Manufactured Home,14685 Oka #15,Los Gatos,CA,95032,549900,3,2.0,LOS GATOS,1162,,2000,69,473,,Active,,,https://www.redfin.com/CA/Los-Gatos/14685-Oka-Rd-95032/unit-15/home/1047214,MLSListings,ML82008221,N,Y,37.2551018,-121.9592168
MLS Listing,,Vacant Land,0 Maymens Flat Rd,Los Gatos,CA,95033,299497,,,Los Gatos,,389557,,70,,,Active,,,https://www.redfin.com/CA/Los-Gatos/0-Maymens-Flat-Rd-95033/home/196160915,CRMLS,OC25114302,N,Y,37.0829378,-121.8202258
MLS Listing,,Vacant Land,16460 B Bonnie Ln,Los Gatos,CA,95032,2300000,,,LOS GATOS,,21546,,70,,,Active,,,https://www.redfin.com/CA/Los-Gatos/16460-Bonnie-Ln-95032/home/186459382,MLSListings,ML82007923,N,Y,37.2292876,-121.9539659
MLS Listing,,Single Family Residential,2305 Bear Canyon Rd,Los Gatos,CA,95033,800000,3,2.0,Los Gatos,1115,477679,1993,71,717,,Active,,,https://www.redfin.com/CA/Los-Gatos/2305-Bear-Canyon-Rd-95033/home/2399200,MLSListings,ML82007832,N,Y,37.1552966,-122.0416788
MLS Listing,,Other,19335 Overlook Rd,Los Gatos,CA,95030,880000,,,LOS GATOS,,121968,,72,,,Active,,,https://www.redfin.com/CA/Los-Gatos/19335-Overlook-Rd-95030/home/23049267,MLSListings,ML82007769,N,Y,37.225394,-122.007837
MLS Listing,,Single Family Residential,50 Ocean View Rd,Los Gatos,CA,95033,1205000,2,1.5,LOS GATOS,844,471755,1904,76,1428,,Active,,,https://www.redfin.com/CA/Los-Gatos/50-Ocean-View-Rd-95033/home/144126064,MLSListings,ML82007395,N,Y,37.1048855,-121.939141
MLS Listing,,Single Family Residential,14430 Old Japanese Rd,Los Gatos,CA,95033,999000,3,2.0,LOS GATOS,1854,217887,1985,76,539,,Active,,,https://www.redfin.com/CA/Los-Gatos/14430-Old-Japanese-Rd-95033/home/2401326,MLSListings,ML82007365,N,Y,37.1228535,-121.9931743
MLS Listing,,Mobile/Manufactured Home,14685 Oka Rd #28,Los Gatos,CA,95032,525000,3,2.0,LOS GATOS,1163,,2000,76,451,,Active,,,https://www.redfin.com/CA/Los-Gatos/14685-Oka-Rd-95032/unit-28/home/21854649,MLSListings,ML82007363,N,Y,37.2560008,-121.9601311
MLS Listing,,Condo/Co-op,262 Union Ave,Los Gatos,CA,95032,1150000,2,2.0,LOS GATOS,1035,,2022,76,1111,443,Active,August-2-2025 02:00 PM,August-2-2025 04:00 PM,https://www.redfin.com/CA/Los-Gatos/262-Union-Ave-95032/home/181214789,MLSListings,ML82007238,N,Y,37.2423284,-121.9309279
MLS Listing,,Single Family Residential,16190 Maya Way,Los Gatos,CA,95030,2998000,4,2.5,LOS GATOS,2980,46737,1975,77,1006,,Active,,,https://www.redfin.com/CA/Los-Gatos/16190-Maya-Way-95030/home/913911,MLSListings,ML82007110,N,Y,37.2103311,-121.9627285
MLS Listing,,Townhouse,102 Calle Nivel,Los Gatos,CA,95032,1698000,3,2.5,LOS GATOS,1637,3091,1974,79,1037,614,Active,August-2-2025 01:00 PM,August-2-2025 04:00 PM,https://www.redfin.com/CA/Los-Gatos/102-Calle-Nivel-95032/home/1615136,MLSListings,ML82006644,N,Y,37.2626803,-121.9873272
MLS Listing,,Single Family Residential,21106 Brush Rd,Los Gatos,CA,95033,4100000,4,3.0,LOS GATOS,3742,93654,1988,80,1096,,Active,,,https://www.redfin.com/CA/Los-Gatos/21106-Brush-Rd-95033/home/195786891,MLSListings,ML81998239,N,Y,37.1676262,-121.9929082
MLS Listing,,Single Family Residential,1315 Sunset Ridge Rd,Los Gatos,CA,95033,1250000,4,2.0,Los Gatos,2000,407504,1980,83,625,,Active,,,https://www.redfin.com/CA/Los-Gatos/1315-Sunset-Ridge-Rd-95033/home/2398524,MLSListings,ML82006341,N,Y,37.1788929,-122.0542028
MLS Listing,,Single Family Residential,57 Ellenwood Ave,Los Gatos,CA,95030,5250000,4,4.5,LOS GATOS,3355,22649,1920,83,1565,,Active,August-3-2025 02:00 PM,August-3-2025 04:00 PM,https://www.redfin.com/CA/Los-Gatos/57-Ellenwood-Ave-95030/home/1795898,MLSListings,ML82006220,N,Y,37.2287036,-121.9890733
MLS Listing,,Single Family Residential,18467 Las Cumbres Rd,Los Gatos,CA,95033,1999000,3,2.5,LOS GATOS,2574,37462,1980,84,777,300,Active,,,https://www.redfin.com/CA/Los-Gatos/18467-Las-Cumbres-Rd-95033/home/2395155,MLSListings,ML82006141,N,Y,37.200998,-122.065483
MLS Listing,,Vacant Land,20997 Sioux Trl,Los Gatos,CA,95033,30000,,,LOS GATOS,,10551,,84,,212,Active,,,https://www.redfin.com/CA/Los-Gatos/20997-Sioux-Trl-95033/home/161073248,MLSListings,ML82006124,N,Y,37.160794,-121.9787755
MLS Listing,,Townhouse,100 Boyer Ln,Los Gatos,CA,95030,1900000,3,2.5,Los Gatos,1298,2246,2001,84,1464,150,Active,,,https://www.redfin.com/CA/Los-Gatos/100-Boyer-Ln-95030/home/992992,"bridgeMLS, Bay East AOR, or Contra Costa AOR",41096591,N,Y,37.2272182,-121.9793553
MLS Listing,,Single Family Residential,16870 Quarry Rd,Los Gatos,CA,95030,7980000,7,4.0,LOS GATOS,4354,1132560,1970,85,1833,,Active,,,https://www.redfin.com/CA/Los-Gatos/16870-Quarry-Rd-95030/home/1348365,MLSListings,ML82005894,N,Y,37.2116853,-121.9664134
MLS Listing,,Single Family Residential,137 Fairmead Ln,Los Gatos,CA,95032,3650000,4,3.0,LOS GATOS,2205,8134,1963,86,1655,,Active,August-2-2025 02:00 PM,August-2-2025 04:00 PM,https://www.redfin.com/CA/Los-Gatos/137-Fairmead-Ln-95032/home/1421256,MLSListings,ML82005641,N,Y,37.2333125,-121.9543353
MLS Listing,,Single Family Residential,23447 Skyview Ter,Los Gatos,CA,95033,2700000,3,4.0,LOS GATOS,3581,45390,2004,86,754,,Active,August-2-2025 12:30 PM,August-2-2025 02:30 PM,https://www.redfin.com/CA/Los-Gatos/23447-Skyview-Ter-95033/home/2404591,MLSListings,ML82005638,N,Y,37.1269331,-121.9551099
MLS Listing,,Single Family Residential,30680 Loma Chiquita Rd,Los Gatos,CA,95033,1325000,4,2.5,LOS GATOS,2134,217800,1996,87,621,,Active,,,https://www.redfin.com/CA/Los-Gatos/30680-Loma-Chiquita-Rd-95033/home/1553293,MLSListings,ML82004898,N,Y,37.1026362,-121.8119845
MLS Listing,,Single Family Residential,20910 Outer Zayante Rd,Los Gatos,CA,95033,1085000,3,1.5,LOS GATOS,1302,126106,1978,88,833,,Active,,,https://www.redfin.com/CA/Los-Gatos/20910-Outer-Zayante-Rd-95033/home/17312062,MLSListings,ML82005451,N,Y,37.1613219,-122.0179695
MLS Listing,,Vacant Land,00 OldSantaCruzHwy,Los Gatos,CA,95033,195000,,,LOS GATOS,,11317,,92,,115,Active,,,https://www.redfin.com/CA/Los-Gatos/Old-Santa-Cruz-Hwy-95033/home/160826731,MLSListings,ML82004872,N,Y,37.155263,-121.981027
MLS Listing,,Single Family Residential,24101 Mountain Charlie Rd,Los Gatos,CA,95033,2895000,4,4.0,LOS GATOS,3623,159429,2006,92,799,,Active,,,https://www.redfin.com/CA/Los-Gatos/24101-Mountain-Charlie-Rd-95033/home/12308699,MLSListings,ML82003557,N,Y,37.1233001,-121.989804
MLS Listing,,Vacant Land,0 Grove St,Los Gatos,CA,95030,500000,,,LOS GATOS,,55123,,94,,,Active,,,https://www.redfin.com/CA/Los-Gatos/Grove-St-95030/home/160998355,MLSListings,ML82004547,N,Y,37.145835,-121.975773
MLS Listing,,Single Family Residential,1380 Amaya Ridge Rd,Soquel,CA,95073,1550000,3,2.5,SOQUEL,2331,867541,1996,94,665,,Active,,,https://www.redfin.com/CA/Soquel/1380-Amaya-Ridge-Rd-95073/home/2406361,MLSListings,ML82004486,N,Y,37.0859597,-121.9352895
MLS Listing,,Single Family Residential,17337 Debbie Rd,Los Gatos,CA,95033,1549000,4,2.5,LOS GATOS,2802,122839,1978,99,553,,Active,August-3-2025 02:00 PM,August-3-2025 04:00 PM,https://www.redfin.com/CA/Los-Gatos/17337-Debbie-Rd-95033/home/2401432,MLSListings,ML82003588,N,Y,37.1301868,-122.0106316
MLS Listing,,Townhouse,5222 Adalina Ct,San Jose,CA,95124,1498000,3,2.5,San Jose,1454,,1980,99,1030,549,Active,,,https://www.redfin.com/CA/San-Jose/5222-Adalina-Ct-95124/home/836921,MLSListings,ML82003752,N,Y,37.243998,-121.932249
MLS Listing,,Single Family Residential,18301 Idylwild Rd,Los Gatos,CA,95033,2695000,4,3.0,LOS GATOS,3266,89298,1955,100,825,,Active,August-3-2025 01:30 PM,August-3-2025 04:00 PM,https://www.redfin.com/CA/Los-Gatos/18301-Idylwild-Rd-95033/home/851051,MLSListings,ML82003265,N,Y,37.1674037,-121.9858005
MLS Listing,,Single Family Residential,200 Westchester Dr,Los Gatos,CA,95032,2899888,4,3.0,LOS GATOS,2258,13837,1969,100,1284,,Active,,,https://www.redfin.com/CA/Los-Gatos/200-Westchester-Dr-95032/home/1729819,MLSListings,ML82003552,N,Y,37.2411599,-121.9415397
MLS Listing,,Single Family Residential,17516 High St,Los Gatos,CA,95030,3999999,4,2.5,LOS GATOS,2128,73641,1938,100,1880,,Active,,,https://www.redfin.com/CA/Los-Gatos/17516-High-St-95030/home/1039227,MLSListings,ML82003537,N,Y,37.2146218,-121.9635081
MLS Listing,,Single Family Residential,22700 Old Santa Cruz Hwy,Los Gatos,CA,95033,6800000,5,5.5,LOS GATOS,3668,3136320,1920,101,1854,,Active,,,https://www.redfin.com/CA/Los-Gatos/22700-Old-Santa-Cruz-Hwy-95033/home/186901696,MLSListings,ML82003461,N,Y,37.1383363,-121.9642412
MLS Listing,,Townhouse,18400 Overlook Rd #19,Los Gatos,CA,95030,1375000,2,2.5,LOS GATOS,1507,1594,1967,105,912,1145,Active,,,https://www.redfin.com/CA/Los-Gatos/18400-Overlook-Rd-95030/unit-19/home/1430138,MLSListings,ML82003057,N,Y,37.2267345,-121.9952693
MLS Listing,,Single Family Residential,805 Old Mill Pond Rd,Los Gatos,CA,95033,1575000,4,2.5,LOS GATOS,2790,92696,1989,107,565,,Active,,,https://www.redfin.com/CA/Los-Gatos/805-Old-Mill-Pond-Rd-95033/home/2401857,MLSListings,ML81996652,N,Y,37.1135811,-121.9998039
MLS Listing,,Single Family Residential,24865 Skyland Rd,Los Gatos,CA,95033,1800000,4,3.0,LOS GATOS,2504,50337,2005,111,719,,Active,August-1-2025 12:00 PM,August-1-2025 02:00 PM,https://www.redfin.com/CA/Los-Gatos/24865-Skyland-Rd-95033/home/2404266,MLSListings,ML82002142,N,Y,37.1117558,-121.9274552
MLS Listing,,Vacant Land,0 Gist Rd,Los Gatos,CA,95033,325000,,,LOS GATOS,,63597,,111,,,Active,,,https://www.redfin.com/CA/Los-Gatos/Gist-Rd-95033/home/160956194,MLSListings,ML82002181,N,Y,37.189827,-122.02648
MLS Listing,,Single Family Residential,319 Montclair Rd,Los Gatos,CA,95032,3150000,4,2.5,LOS GATOS,2629,9180,1975,114,1198,29,Active,August-2-2025 02:00 PM,August-2-2025 04:00 PM,https://www.redfin.com/CA/Los-Gatos/319-Montclair-Rd-95032/home/1616408,MLSListings,ML82001495,N,Y,37.2522495,-121.9855207
MLS Listing,,Single Family Residential,15251 Old Ranch Rd,Los Gatos,CA,95033,1750000,5,2.5,LOS GATOS,3027,109248,1971,115,578,,Active,,,https://www.redfin.com/CA/Los-Gatos/15251-Old-Ranch-Rd-95033/home/2405382,MLSListings,ML82001178,N,Y,37.1431967,-121.9978738
MLS Listing,,Condo/Co-op,14225 Lora Dr #79,Los Gatos,CA,95032,515000,1,1.0,LOS GATOS,816,,1963,115,631,650,Active,,,https://www.redfin.com/CA/Los-Gatos/14225-Lora-Dr-95032/unit-79/home/861927,MLSListings,ML82001301,N,Y,37.2618186,-121.9767263
MLS Listing,,Single Family Residential,24751 Hutchinson Rd,Los Gatos,CA,95033,1449000,6,3.5,LOS GATOS,2500,86336,1970,116,580,,Active,,,https://www.redfin.com/CA/Los-Gatos/24751-Hutchinson-Rd-95033/home/2401644,MLSListings,ML81998332,N,Y,37.122032,-122.007923
MLS Listing,,Single Family Residential,19474 Aeronaut Way,Los Gatos,CA,95033,5925000,6,4.5,Los Gatos,6231,96260,2020,116,951,,Active,,,https://www.redfin.com/CA/Los-Gatos/19474-Aeronaut-Way-95033/home/1490398,MLSListings,ML81992883,N,Y,37.2102083,-122.0164443
MLS Listing,,Single Family Residential,18101 Idylwild Rd,Los Gatos,CA,95033,3249000,4,2.5,LOS GATOS,2838,324522,2000,118,1145,,Active,,,https://www.redfin.com/CA/Los-Gatos/18101-Idylwild-Rd-95033/home/1796072,MLSListings,ML82001139,N,Y,37.1659843,-121.9844113
MLS Listing,,Single Family Residential,26145 Pierce Rd,Los Gatos,CA,95033,999900,3,2.5,LOS GATOS,1581,40859,1978,118,632,,Active,,,https://www.redfin.com/CA/Los-Gatos/26145-Pierce-Rd-95033/home/2401318,MLSListings,ML82001031,N,Y,37.1265169,-121.990167
MLS Listing,,Single Family Residential,16420 S Kennedy Rd,Los Gatos,CA,95030,6675000,7,6.0,LOS GATOS,6087,64904,1920,125,1097,,Active,August-3-2025 01:00 PM,August-3-2025 03:00 PM,https://www.redfin.com/CA/Los-Gatos/16420-S-Kennedy-Rd-95030/home/1405676,MLSListings,ML81999439,N,Y,37.2208567,-121.9572509
MLS Listing,,Single Family Residential,255 Cresci Rd,Los Gatos,CA,95033,2195000,4,3.0,LOS GATOS,3014,305791,1989,125,728,,Active,,,https://www.redfin.com/CA/Los-Gatos/255-Cresci-Rd-95033/home/2401771,MLSListings,ML81998269,N,Y,37.120273,-122.000989
MLS Listing,,Townhouse,416 Clearview Dr,Los Gatos,CA,95032,1625000,3,2.0,Los Gatos,1409,2918,1977,126,1153,645,Active,,,https://www.redfin.com/CA/Los-Gatos/416-Clearview-Dr-95032/home/822940,MLSListings,ML81999503,N,Y,37.2571827,-121.9695464
MLS Listing,,Vacant Land,0 Glenwood,Los Gatos,CA,95033,127000,,,Los Gatos,13024,13024,,126,10,,Active,,,https://www.redfin.com/CA/LOS-GATOS/0-Glenwood-DR-95033/home/184744359,"bridgeMLS, Bay East AOR, or Contra Costa AOR",ML81963088,N,Y,37.1516,-121.9809
MLS Listing,,Single Family Residential,25220 Quail Ridge Rd,Los Gatos,CA,95033,3099000,5,3.5,LOS GATOS,3750,110642,1993,132,826,,Active,August-2-2025 02:00 PM,August-2-2025 04:00 PM,https://www.redfin.com/CA/Los-Gatos/25220-Quail-Ridge-Rd-95033/home/2442780,MLSListings,ML81999021,N,Y,37.1074682,-121.9228167
MLS Listing,,Single Family Residential,21386 Sunnyside Rd,Los Gatos,CA,95033,1675000,3,3.0,LOS GATOS,2889,11356,1990,139,580,,Active,,,https://www.redfin.com/CA/Los-Gatos/21386-Sunnyside-Rd-95033/home/2121636,MLSListings,ML81995090,N,Y,37.1608749,-121.9690888
MLS Listing,,Single Family Residential,23185 Old Santa Cruz Hwy,Los Gatos,CA,95033,2990000,6,4.5,LOS GATOS,4427,345518,1969,143,675,,Active,,,https://www.redfin.com/CA/Los-Gatos/23185-Old-Santa-Cruz-Hwy-95033/home/113800068,MLSListings,ML81995941,N,Y,37.1396509,-121.9781053
MLS Listing,,Single Family Residential,117 PANORAMA Way,Los Gatos,CA,95032,4390000,4,3.5,LOS GATOS,3242,11378,2012,143,1354,,Active,,,https://www.redfin.com/CA/Los-Gatos/117-Panorama-Way-95032/home/40389163,MLSListings,ML81994477,N,Y,37.2371714,-121.9302175
MLS Listing,,Single Family Residential,8 Central Ct,Los Gatos,CA,95030,2350000,2,2.0,LOS GATOS,1380,7776,1906,149,1703,,Active,,,https://www.redfin.com/CA/Los-Gatos/8-Central-Ct-95030/home/586925,MLSListings,ML81996329,N,Y,37.21846,-121.9753823
MLS Listing,,Single Family Residential,15220 Upper Ellen Rd,Los Gatos,CA,95033,2229000,4,3.0,LOS GATOS,3798,277042,1988,167,587,,Active,,,https://www.redfin.com/CA/Los-Gatos/15220-Upper-Ellen-Rd-95033/home/2398984,MLSListings,ML81994221,N,Y,37.1411011,-122.0160782
MLS Listing,,Condo/Co-op,443 Alberto Way #115,Los Gatos,CA,95032,698000,2,2.0,LOS GATOS,1076,,1978,169,649,756,Active,,,https://www.redfin.com/CA/Los-Gatos/443-Alberto-Way-95032/unit-115/home/194689648,MLSListings,ML81993369,N,Y,37.2285677,-121.9725187
MLS Listing,,Vacant Land,22065 Old Santa Cruz Hwy,Los Gatos,CA,95033,674000,,,LOS GATOS,,53744,,185,,,Active,,,https://www.redfin.com/CA/Los-Gatos/22065-Old-Santa-Cruz-Hwy-95033/home/167483786,MLSListings,ML81990815,N,Y,37.150974,-121.976555
MLS Listing,,Single Family Residential,16770 Redwood Lodge Rd,Los Gatos,CA,95033,5330000,21,8.5,Los Gatos,4413,1481040,1926,187,1208,,Active,,,https://www.redfin.com/CA/Los-Gatos/16770-Redwood-Lodge-Rd-95033/home/106439996,MLSListings,ML81991766,N,Y,37.1160701,-121.9615814
MLS Listing,,Single Family Residential,20600 Aldercroft Hts,Los Gatos,CA,95033,29690000,37,22.0,LOS GATOS,24062,4878720,1996,189,1234,,Active,,,https://www.redfin.com/CA/Los-Gatos/20600-Aldercroft-Heights-Rd-95033/home/188501980,MLSListings,ML81991452,N,Y,37.1700225,-121.980036
MLS Listing,,Vacant Land,16227 Maya Way,Los Gatos,CA,95030,1999000,,,LOS GATOS,,45454,,191,,,Active,,,https://www.redfin.com/CA/Los-Gatos/16227-Maya-Way-95030/home/12125187,MLSListings,ML81991145,N,Y,37.2104788,-121.9615443
MLS Listing,,Condo/Co-op,15021 Briggs Ct,Los Gatos,CA,95032,1380000,2,2.5,Not Listed,1431,1304,2021,198,964,318,Active,,,https://www.redfin.com/CA/Los-Gatos/15021-Briggs-Ct-95032/home/181208181,"bridgeMLS, Bay East AOR, or Contra Costa AOR",41082366,N,Y,37.249468,-121.95775
MLS Listing,,Condo/Co-op,420 Alberto Way #51,Los Gatos,CA,95032,819000,2,2.5,LOS GATOS,1120,,1970,202,731,720,Active,August-2-2025 01:00 PM,August-2-2025 04:00 PM,https://www.redfin.com/CA/Los-Gatos/420-Alberto-Way-95032/unit-51/home/1647864,MLSListings,ML81990023,N,Y,37.2271372,-121.9721113
MLS Listing,,Condo/Co-op,420 Alberto Way #5,Los Gatos,CA,95032,554999,1,1.0,LOS GATOS,789,,1970,203,703,720,Active,,,https://www.redfin.com/CA/Los-Gatos/420-Alberto-Way-95032/unit-5/home/1793873,MLSListings,ML81989962,N,Y,37.2271372,-121.9721113
MLS Listing,,Vacant Land,24101 Schulties Rd,Los Gatos,CA,95033,199000,,,Los Gatos Mountains,,7013,,212,,,Active,,,https://www.redfin.com/CA/Los-Gatos/24101-Schulties-Rd-95033/home/161463784,San Francisco MLS,424104120,N,Y,37.1186365,-121.9634192
MLS Listing,,Single Family Residential,16420 Soda Springs Rd,Los Gatos,CA,95033,1695000,5,2.5,LOS GATOS,3270,226076,1985,242,518,,Active,,,https://www.redfin.com/CA/Los-Gatos/16420-Soda-Springs-Rd-95033/home/1454803,MLSListings,ML81987624,N,Y,37.1711482,-121.939362
MLS Listing,,Vacant Land,24140 Schulties Rd,Los Gatos,CA,95033,299000,,,LOS GATOS,,31494,,281,,,Active,,,https://www.redfin.com/CA/Los-Gatos/24140-Schulties-Rd-95033/home/2403075,MLSListings,ML81983222,N,Y,37.1170743,-121.9668613
MLS Listing,,Other,0 Glenwood,Los Gatos,CA,95033,198888,,,LOS GATOS,,44431,,290,,,Active,,,https://www.redfin.com/CA/Los-Gatos/Glenwood-Unknown/home/190379562,MLSListings,ML81983649,N,Y,37.1516,-121.981
MLS Listing,,Vacant Land,17939 Apache Trl,Los Gatos,CA,95033,449000,,,LOS GATOS,,47916,,329,,,Active,,,https://www.redfin.com/CA/Los-Gatos/17939-Apache-Trl-95033/home/17293356,MLSListings,ML81979279,N,Y,37.1641749,-121.984447
MLS Listing,,Vacant Land,0000 0 Top Of The Hill Rd,Los Gatos,CA,95032,2500000,,,LOS GATOS,,116741,,335,,,Active,,,https://www.redfin.com/CA/Unknown/Top-of-the-Hill-Rd-95032/home/113789943,MLSListings,ML81978549,N,Y,37.241,-121.9557
MLS Listing,,Vacant Land,0 Bear Creek Rd,Los Gatos,CA,95033,599000,,,LOS GATOS,,1050144,,339,,,Active,,,https://www.redfin.com/CA/LOS-GATOS/0-Bear-Creek-RD-95030/home/192239710,MLSListings,ML81978020,N,Y,37.1516,-121.981
MLS Listing,,Single Family Residential,520 Laguna Crk,Los Gatos,CA,95033,499000,2,2.0,LOS GATOS,2017,217800,1980,370,247,,Active,,,https://www.redfin.com/CA/Los-Gatos/520-Laguna-Crk-95033/home/2407340,MLSListings,ML81974592,N,Y,37.0979475,-121.8937925
MLS Listing,,Vacant Land,15998 Stetson Rd,Los Gatos,CA,95033,315000,,,LOS GATOS,,79497,,418,,,Active,,,https://www.redfin.com/CA/Los-Gatos/15998-Stetson-Rd-95033/home/161463808,MLSListings,ML81968860,N,Y,37.102638,-121.941605
MLS Listing,,Other,620 Maymens Flat Rd,Los Gatos,CA,95033,1200000,3,2.0,LOS GATOS,1056,835742,2009,436,1136,,Active,,,https://www.redfin.com/CA/Los-Gatos/620-Maymens-Flat-Rd-95033/home/40241547,MLSListings,ML81953193,N,Y,37.0820466,-121.8314697
MLS Listing,,Single Family Residential,33501 Loma Chiquita Rd,Los Gatos,CA,95033,1350000,3,3.0,LOS GATOS,2657,871200,2024,448,508,,Active,,,https://www.redfin.com/CA/Los-Gatos/33501-Loma-Chiquita-Rd-95033/home/1650256,MLSListings,ML81957170,N,Y,37.108656,-121.830856
MLS Listing,,Single Family Residential,15985 Shannon Rd,Los Gatos,CA,95032,4898000,5,4.5,LOS GATOS,4990,30000,2008,450,982,,Active,,,https://www.redfin.com/CA/Los-Gatos/15985-Shannon-Rd-95032/home/1469047,MLSListings,ML81964577,N,Y,37.2285937,-121.9491636
MLS Listing,,Vacant Land,0 Loma Chiquta,Los Gatos,CA,95030,500000,,,LOS GATOS,,2543686,,481,,,Active,,,https://www.redfin.com/CA/LOS-GATOS/000000-Loma-Chiquitaita-95030/home/183126950,MLSListings,ML81959300,N,Y,37.2287,-121.9833
MLS Listing,,Vacant Land,00 Old Logging Rd,,CA,,349900,,,,,1252350,,651,,,Active,,,https://www.redfin.com/CA/Unknown/00-Old-Logging-RD-Unknown/home/191516158,TCMLS,226174,N,Y,37.136449,-122.004838
MLS Listing,,Vacant Land,0 Loma Prieta Way,Los Gatos,CA,95033,24950,,,LOS GATOS,,2522,,793,,,Active,,,https://www.redfin.com/CA/Los-Gatos/Loma-Prieta-Ave-95033/home/160956393,MLSListings,ML81930008,N,Y,37.149847,-121.967195
MLS Listing,,Vacant Land,0000 Harwood Rd,Los Gatos,CA,95032,247000,,,LOS GATOS,,20579,,966,,,Active,,,https://www.redfin.com/CA/Los-Gatos/Harwood-Rd-95032/home/113791347,MLSListings,ML81914514,N,Y,37.233335,-121.912896
MLS Listing,,Vacant Land,01 Santa Ana Rd,Los Gatos,CA,95033,349000,,,LOS GATOS,,14194,,977,,32,Active,,,https://www.redfin.com/CA/Lexington-Hills/01-Santa-Ana-Rd-95033/home/183028147,MLSListings,ML81913738,N,Y,37.1516,-121.9805
MLS Listing,,Vacant Land,00 Santa Ana Rd,Los Gatos,CA,95033,369000,,,LOS GATOS,,11604,,977,,32,Active,,,https://www.redfin.com/CA/Los-Gatos/Santa-Ana-Rd-95033/home/160826690,MLSListings,ML81913737,N,Y,37.15409,-121.990957
MLS Listing,,Vacant Land,0 Helen Way,Los Gatos,CA,95033,249000,,,LOS GATOS,,45472,,995,,32,Active,,,https://www.redfin.com/CA/Los-Gatos/Helen-Way-95033/home/21839106,MLSListings,ML81912636,N,Y,37.154438,-121.987605
MLS Listing,,Vacant Land,21578 Alma Ct,Los Gatos,CA,95033,375000,,,LOS GATOS,,19638,,996,,32,Active,,,https://www.redfin.com/CA/Los-Gatos/21578-Alma-Ct-95033/home/105498714,MLSListings,ML81912559,N,Y,37.1537087,-121.9845038
MLS Listing,,Vacant Land,21745 Lindbergh Dr,Los Gatos,CA,95033,19999,,,LOS GATOS,,2066,,1000,,32,Active,,,https://www.redfin.com/CA/Los-Gatos/21745-lindbergh-Dr-95033/home/182648537,MLSListings,ML81912347,N,Y,37.1494257,-121.9913434
MLS Listing,,Vacant Land,21741 Lindbergh Dr,Los Gatos,CA,95033,49950,,,LOS GATOS,,3784,,1004,,32,Active,,,https://www.redfin.com/CA/Los-Gatos/21741-lindbergh-Dr-95033/home/182556616,MLSListings,ML81911847,N,Y,37.1495555,-121.9912887
New Construction Home,,Single Family Residential,15675 El Gato Ln,Los Gatos,CA,95032,4550000,4,3.0,Los Gatos,2975,,2025,50,1529,,Active,,,https://www.redfin.com/CA/Los-Gatos/15675-El-Gato-Ln-95032/home/911088,Zillow,54E14DB161AF,N,Y,37.2409979,-121.9483569
